{"__meta":{"schema_version":3,"schema_name":"DRFModelV3","schema_type":"DRFModel"},"model_id":{"__meta":{"schema_version":3,"schema_name":"ModelKeyV3","schema_type":"Key<Model>"},"name":"DRF_model_R_1536158091850_9","type":"Key<Model>","URL":"/3/Models/DRF_model_R_1536158091850_9"},"algo":"drf","algo_full_name":"Distributed Random Forest","response_column_name":"primary_tx","data_frame":{"__meta":{"schema_version":3,"schema_name":"FrameKeyV3","schema_type":"Key<Frame>"},"name":"training_frame","type":"Key<Frame>","URL":"/3/Frames/training_frame"},"timestamp":0,"have_pojo":true,"have_mojo":true,"algo":"drf","algo_full_name":"Distributed Random Forest","model_id":{"__meta":{"schema_version":3,"schema_name":"ModelKeyV3","schema_type":"Key<Model>"},"name":"DRF_model_R_1536158091850_9","type":"Key<Model>","URL":"/3/Models/DRF_model_R_1536158091850_9"},"parameters":[{"__meta":{"schema_version":3,"schema_name":"ModelParameterSchemaV3","schema_type":"Iced"},"name":"model_id","label":"model_id","help":"Destination id for this model; auto-generated if not specified.","required":false,"type":"Key<Model>","default_value":null,"actual_value":{"__meta":{"schema_version":3,"schema_name":"ModelKeyV3","schema_type":"Key<Model>"},"name":"DRF_model_R_1536158091850_9","type":"Key<Model>","URL":"/3/Models/DRF_model_R_1536158091850_9"},"level":"critical","values":[],"is_member_of_frames":[],"is_mutually_exclusive_with":[],"gridable":false},{"__meta":{"schema_version":3,"schema_name":"ModelParameterSchemaV3","schema_type":"Iced"},"name":"training_frame","label":"training_frame","help":"Id of the training data frame.","required":false,"type":"Key<Frame>","default_value":null,"actual_value":{"__meta":{"schema_version":3,"schema_name":"FrameKeyV3","schema_type":"Key<Frame>"},"name":"training_frame","type":"Key<Frame>","URL":"/3/Frames/training_frame"},"level":"critical","values":[],"is_member_of_frames":[],"is_mutually_exclusive_with":[],"gridable":false},{"__meta":{"schema_version":3,"schema_name":"ModelParameterSchemaV3","schema_type":"Iced"},"name":"validation_frame","label":"validation_frame","help":"Id of the validation data frame.","required":false,"type":"Key<Frame>","default_value":null,"actual_value":null,"level":"critical","values":[],"is_member_of_frames":[],"is_mutually_exclusive_with":[],"gridable":true},{"__meta":{"schema_version":3,"schema_name":"ModelParameterSchemaV3","schema_type":"Iced"},"name":"nfolds","label":"nfolds","help":"Number of folds for K-fold cross-validation (0 to disable or >= 2).","required":false,"type":"int","default_value":0,"actual_value":0,"level":"critical","values":[],"is_member_of_frames":[],"is_mutually_exclusive_with":[],"gridable":false},{"__meta":{"schema_version":3,"schema_name":"ModelParameterSchemaV3","schema_type":"Iced"},"name":"keep_cross_validation_predictions","label":"keep_cross_validation_predictions","help":"Whether to keep the predictions of the cross-validation models.","required":false,"type":"boolean","default_value":false,"actual_value":false,"level":"expert","values":[],"is_member_of_frames":[],"is_mutually_exclusive_with":[],"gridable":false},{"__meta":{"schema_version":3,"schema_name":"ModelParameterSchemaV3","schema_type":"Iced"},"name":"keep_cross_validation_fold_assignment","label":"keep_cross_validation_fold_assignment","help":"Whether to keep the cross-validation fold assignment.","required":false,"type":"boolean","default_value":false,"actual_value":false,"level":"expert","values":[],"is_member_of_frames":[],"is_mutually_exclusive_with":[],"gridable":false},{"__meta":{"schema_version":3,"schema_name":"ModelParameterSchemaV3","schema_type":"Iced"},"name":"score_each_iteration","label":"score_each_iteration","help":"Whether to score during each iteration of model training.","required":false,"type":"boolean","default_value":false,"actual_value":false,"level":"secondary","values":[],"is_member_of_frames":[],"is_mutually_exclusive_with":[],"gridable":false},{"__meta":{"schema_version":3,"schema_name":"ModelParameterSchemaV3","schema_type":"Iced"},"name":"score_tree_interval","label":"score_tree_interval","help":"Score the model after every so many trees. Disabled if set to 0.","required":false,"type":"int","default_value":0,"actual_value":0,"level":"secondary","values":[],"is_member_of_frames":[],"is_mutually_exclusive_with":[],"gridable":false},{"__meta":{"schema_version":3,"schema_name":"ModelParameterSchemaV3","schema_type":"Iced"},"name":"fold_assignment","label":"fold_assignment","help":"Cross-validation fold assignment scheme, if fold_column is not specified. The 'Stratified' option will stratify the folds based on the response variable, for classification problems.","required":false,"type":"enum","default_value":"AUTO","actual_value":"AUTO","level":"secondary","values":["AUTO","Random","Modulo","Stratified"],"is_member_of_frames":[],"is_mutually_exclusive_with":[],"gridable":true},{"__meta":{"schema_version":3,"schema_name":"ModelParameterSchemaV3","schema_type":"Iced"},"name":"fold_column","label":"fold_column","help":"Column with cross-validation fold index assignment per observation.","required":false,"type":"VecSpecifier","default_value":null,"actual_value":null,"level":"secondary","values":[],"is_member_of_frames":["training_frame"],"is_mutually_exclusive_with":["response_column","weights_column","ignored_columns","offset_column"],"gridable":true},{"__meta":{"schema_version":3,"schema_name":"ModelParameterSchemaV3","schema_type":"Iced"},"name":"response_column","label":"response_column","help":"Response variable column.","required":false,"type":"VecSpecifier","default_value":null,"actual_value":{"__meta":{"schema_version":3,"schema_name":"ColSpecifierV3","schema_type":"VecSpecifier"},"column_name":"primary_tx","is_member_of_frames":null},"level":"critical","values":[],"is_member_of_frames":["training_frame","validation_frame"],"is_mutually_exclusive_with":["weights_column","ignored_columns","offset_column","fold_column"],"gridable":true},{"__meta":{"schema_version":3,"schema_name":"ModelParameterSchemaV3","schema_type":"Iced"},"name":"ignored_columns","label":"ignored_columns","help":"Names of columns to ignore for training.","required":false,"type":"string[]","default_value":null,"actual_value":[""],"level":"critical","values":[],"is_member_of_frames":["training_frame","validation_frame"],"is_mutually_exclusive_with":["response_column","weights_column","offset_column","fold_column"],"gridable":false},{"__meta":{"schema_version":3,"schema_name":"ModelParameterSchemaV3","schema_type":"Iced"},"name":"ignore_const_cols","label":"ignore_const_cols","help":"Ignore constant columns.","required":false,"type":"boolean","default_value":true,"actual_value":true,"level":"critical","values":[],"is_member_of_frames":[],"is_mutually_exclusive_with":[],"gridable":false},{"__meta":{"schema_version":3,"schema_name":"ModelParameterSchemaV3","schema_type":"Iced"},"name":"offset_column","label":"offset_column","help":"Offset column. This will be added to the combination of columns before applying the link function.","required":false,"type":"VecSpecifier","default_value":null,"actual_value":null,"level":"secondary","values":[],"is_member_of_frames":["training_frame","validation_frame"],"is_mutually_exclusive_with":["response_column","weights_column","ignored_columns","fold_column"],"gridable":true},{"__meta":{"schema_version":3,"schema_name":"ModelParameterSchemaV3","schema_type":"Iced"},"name":"weights_column","label":"weights_column","help":"Column with observation weights. Giving some observation a weight of zero is equivalent to excluding it from the dataset; giving an observation a relative weight of 2 is equivalent to repeating that row twice. Negative weights are not allowed. Note: Weights are per-row observation weights and do not increase the size of the data frame. This is typically the number of times a row is repeated, but non-integer values are supported as well. During training, rows with higher weights matter more, due to the larger loss function pre-factor.","required":false,"type":"VecSpecifier","default_value":null,"actual_value":null,"level":"secondary","values":[],"is_member_of_frames":["training_frame","validation_frame"],"is_mutually_exclusive_with":["response_column","ignored_columns","offset_column","fold_column"],"gridable":true},{"__meta":{"schema_version":3,"schema_name":"ModelParameterSchemaV3","schema_type":"Iced"},"name":"balance_classes","label":"balance_classes","help":"Balance training data class counts via over/under-sampling (for imbalanced data).","required":false,"type":"boolean","default_value":false,"actual_value":false,"level":"secondary","values":[],"is_member_of_frames":[],"is_mutually_exclusive_with":[],"gridable":true},{"__meta":{"schema_version":3,"schema_name":"ModelParameterSchemaV3","schema_type":"Iced"},"name":"class_sampling_factors","label":"class_sampling_factors","help":"Desired over/under-sampling ratios per class (in lexicographic order). If not specified, sampling factors will be automatically computed to obtain class balance during training. Requires balance_classes.","required":false,"type":"float[]","default_value":null,"actual_value":null,"level":"expert","values":[],"is_member_of_frames":[],"is_mutually_exclusive_with":[],"gridable":true},{"__meta":{"schema_version":3,"schema_name":"ModelParameterSchemaV3","schema_type":"Iced"},"name":"max_after_balance_size","label":"max_after_balance_size","help":"Maximum relative size of the training data after balancing class counts (can be less than 1.0). Requires balance_classes.","required":false,"type":"float","default_value":5.0,"actual_value":5.0,"level":"expert","values":[],"is_member_of_frames":[],"is_mutually_exclusive_with":[],"gridable":true},{"__meta":{"schema_version":3,"schema_name":"ModelParameterSchemaV3","schema_type":"Iced"},"name":"max_confusion_matrix_size","label":"max_confusion_matrix_size","help":"[Deprecated] Maximum size (# classes) for confusion matrices to be printed in the Logs","required":false,"type":"int","default_value":20,"actual_value":20,"level":"secondary","values":[],"is_member_of_frames":[],"is_mutually_exclusive_with":[],"gridable":false},{"__meta":{"schema_version":3,"schema_name":"ModelParameterSchemaV3","schema_type":"Iced"},"name":"max_hit_ratio_k","label":"max_hit_ratio_k","help":"Max. number (top K) of predictions to use for hit ratio computation (for multi-class only, 0 to disable)","required":false,"type":"int","default_value":0,"actual_value":0,"level":"secondary","values":[],"is_member_of_frames":[],"is_mutually_exclusive_with":[],"gridable":false},{"__meta":{"schema_version":3,"schema_name":"ModelParameterSchemaV3","schema_type":"Iced"},"name":"ntrees","label":"ntrees","help":"Number of trees.","required":false,"type":"int","default_value":50,"actual_value":201,"level":"critical","values":[],"is_member_of_frames":[],"is_mutually_exclusive_with":[],"gridable":true},{"__meta":{"schema_version":3,"schema_name":"ModelParameterSchemaV3","schema_type":"Iced"},"name":"max_depth","label":"max_depth","help":"Maximum tree depth.","required":false,"type":"int","default_value":20,"actual_value":10,"level":"critical","values":[],"is_member_of_frames":[],"is_mutually_exclusive_with":[],"gridable":true},{"__meta":{"schema_version":3,"schema_name":"ModelParameterSchemaV3","schema_type":"Iced"},"name":"min_rows","label":"min_rows","help":"Fewest allowed (weighted) observations in a leaf.","required":false,"type":"double","default_value":1.0,"actual_value":1.0,"level":"critical","values":[],"is_member_of_frames":[],"is_mutually_exclusive_with":[],"gridable":true},{"__meta":{"schema_version":3,"schema_name":"ModelParameterSchemaV3","schema_type":"Iced"},"name":"nbins","label":"nbins","help":"For numerical columns (real/int), build a histogram of (at least) this many bins, then split at the best point","required":false,"type":"int","default_value":20,"actual_value":20,"level":"critical","values":[],"is_member_of_frames":[],"is_mutually_exclusive_with":[],"gridable":true},{"__meta":{"schema_version":3,"schema_name":"ModelParameterSchemaV3","schema_type":"Iced"},"name":"nbins_top_level","label":"nbins_top_level","help":"For numerical columns (real/int), build a histogram of (at most) this many bins at the root level, then decrease by factor of two per level","required":false,"type":"int","default_value":1024,"actual_value":1024,"level":"secondary","values":[],"is_member_of_frames":[],"is_mutually_exclusive_with":[],"gridable":true},{"__meta":{"schema_version":3,"schema_name":"ModelParameterSchemaV3","schema_type":"Iced"},"name":"nbins_cats","label":"nbins_cats","help":"For categorical columns (factors), build a histogram of this many bins, then split at the best point. Higher values can lead to more overfitting.","required":false,"type":"int","default_value":1024,"actual_value":1024,"level":"secondary","values":[],"is_member_of_frames":[],"is_mutually_exclusive_with":[],"gridable":true},{"__meta":{"schema_version":3,"schema_name":"ModelParameterSchemaV3","schema_type":"Iced"},"name":"r2_stopping","label":"r2_stopping","help":"r2_stopping is no longer supported and will be ignored if set - please use stopping_rounds, stopping_metric and stopping_tolerance instead. Previous version of H2O would stop making trees when the R^2 metric equals or exceeds this","required":false,"type":"double","default_value":1.7976931348623157E308,"actual_value":1.7976931348623157E308,"level":"secondary","values":[],"is_member_of_frames":[],"is_mutually_exclusive_with":[],"gridable":true},{"__meta":{"schema_version":3,"schema_name":"ModelParameterSchemaV3","schema_type":"Iced"},"name":"stopping_rounds","label":"stopping_rounds","help":"Early stopping based on convergence of stopping_metric. Stop if simple moving average of length k of the stopping_metric does not improve for k:=stopping_rounds scoring events (0 to disable)","required":false,"type":"int","default_value":0,"actual_value":0,"level":"secondary","values":[],"is_member_of_frames":[],"is_mutually_exclusive_with":[],"gridable":true},{"__meta":{"schema_version":3,"schema_name":"ModelParameterSchemaV3","schema_type":"Iced"},"name":"stopping_metric","label":"stopping_metric","help":"Metric to use for early stopping (AUTO: logloss for classification, deviance for regression)","required":false,"type":"enum","default_value":"AUTO","actual_value":"AUTO","level":"secondary","values":["AUTO","deviance","logloss","MSE","RMSE","MAE","RMSLE","AUC","lift_top_group","misclassification","mean_per_class_error"],"is_member_of_frames":[],"is_mutually_exclusive_with":[],"gridable":true},{"__meta":{"schema_version":3,"schema_name":"ModelParameterSchemaV3","schema_type":"Iced"},"name":"stopping_tolerance","label":"stopping_tolerance","help":"Relative tolerance for metric-based stopping criterion (stop if relative improvement is not at least this much)","required":false,"type":"double","default_value":0.001,"actual_value":0.001,"level":"secondary","values":[],"is_member_of_frames":[],"is_mutually_exclusive_with":[],"gridable":true},{"__meta":{"schema_version":3,"schema_name":"ModelParameterSchemaV3","schema_type":"Iced"},"name":"max_runtime_secs","label":"max_runtime_secs","help":"Maximum allowed runtime in seconds for model training. Use 0 to disable.","required":false,"type":"double","default_value":0.0,"actual_value":0.0,"level":"secondary","values":[],"is_member_of_frames":[],"is_mutually_exclusive_with":[],"gridable":true},{"__meta":{"schema_version":3,"schema_name":"ModelParameterSchemaV3","schema_type":"Iced"},"name":"seed","label":"seed","help":"Seed for pseudo random number generator (if applicable)","required":false,"type":"long","default_value":-1,"actual_value":3142017,"level":"critical","values":[],"is_member_of_frames":[],"is_mutually_exclusive_with":[],"gridable":true},{"__meta":{"schema_version":3,"schema_name":"ModelParameterSchemaV3","schema_type":"Iced"},"name":"build_tree_one_node","label":"build_tree_one_node","help":"Run on one node only; no network overhead but fewer cpus used.  Suitable for small datasets.","required":false,"type":"boolean","default_value":false,"actual_value":false,"level":"expert","values":[],"is_member_of_frames":[],"is_mutually_exclusive_with":[],"gridable":false},{"__meta":{"schema_version":3,"schema_name":"ModelParameterSchemaV3","schema_type":"Iced"},"name":"mtries","label":"mtries","help":"Number of variables randomly sampled as candidates at each split. If set to -1, defaults to sqrt{p} for classification and p/3 for regression (where p is the # of predictors","required":false,"type":"int","default_value":-1,"actual_value":-1,"level":"critical","values":[],"is_member_of_frames":[],"is_mutually_exclusive_with":[],"gridable":true},{"__meta":{"schema_version":3,"schema_name":"ModelParameterSchemaV3","schema_type":"Iced"},"name":"sample_rate","label":"sample_rate","help":"Row sample rate per tree (from 0.0 to 1.0)","required":false,"type":"double","default_value":0.6320000290870667,"actual_value":0.6320000290870667,"level":"critical","values":[],"is_member_of_frames":[],"is_mutually_exclusive_with":[],"gridable":true},{"__meta":{"schema_version":3,"schema_name":"ModelParameterSchemaV3","schema_type":"Iced"},"name":"sample_rate_per_class","label":"sample_rate_per_class","help":"A list of row sample rates per class (relative fraction for each class, from 0.0 to 1.0), for each tree","required":false,"type":"double[]","default_value":null,"actual_value":null,"level":"expert","values":[],"is_member_of_frames":[],"is_mutually_exclusive_with":[],"gridable":true},{"__meta":{"schema_version":3,"schema_name":"ModelParameterSchemaV3","schema_type":"Iced"},"name":"binomial_double_trees","label":"binomial_double_trees","help":"For binary classification: Build 2x as many trees (one per class) - can lead to higher accuracy.","required":false,"type":"boolean","default_value":false,"actual_value":false,"level":"expert","values":[],"is_member_of_frames":[],"is_mutually_exclusive_with":[],"gridable":false},{"__meta":{"schema_version":3,"schema_name":"ModelParameterSchemaV3","schema_type":"Iced"},"name":"checkpoint","label":"checkpoint","help":"Model checkpoint to resume training with.","required":false,"type":"Key<Model>","default_value":null,"actual_value":null,"level":"secondary","values":[],"is_member_of_frames":[],"is_mutually_exclusive_with":[],"gridable":false},{"__meta":{"schema_version":3,"schema_name":"ModelParameterSchemaV3","schema_type":"Iced"},"name":"col_sample_rate_change_per_level","label":"col_sample_rate_change_per_level","help":"Relative change of the column sampling rate for every level (from 0.0 to 2.0)","required":false,"type":"double","default_value":1.0,"actual_value":1.0,"level":"expert","values":[],"is_member_of_frames":[],"is_mutually_exclusive_with":[],"gridable":true},{"__meta":{"schema_version":3,"schema_name":"ModelParameterSchemaV3","schema_type":"Iced"},"name":"col_sample_rate_per_tree","label":"col_sample_rate_per_tree","help":"Column sample rate per tree (from 0.0 to 1.0)","required":false,"type":"double","default_value":1.0,"actual_value":1.0,"level":"secondary","values":[],"is_member_of_frames":[],"is_mutually_exclusive_with":[],"gridable":true},{"__meta":{"schema_version":3,"schema_name":"ModelParameterSchemaV3","schema_type":"Iced"},"name":"min_split_improvement","label":"min_split_improvement","help":"Minimum relative improvement in squared error reduction for a split to happen","required":false,"type":"double","default_value":1.0E-5,"actual_value":1.0E-5,"level":"secondary","values":[],"is_member_of_frames":[],"is_mutually_exclusive_with":[],"gridable":true},{"__meta":{"schema_version":3,"schema_name":"ModelParameterSchemaV3","schema_type":"Iced"},"name":"histogram_type","label":"histogram_type","help":"What type of histogram to use for finding optimal split points","required":false,"type":"enum","default_value":"AUTO","actual_value":"AUTO","level":"secondary","values":["AUTO","UniformAdaptive","Random","QuantilesGlobal","RoundRobin"],"is_member_of_frames":[],"is_mutually_exclusive_with":[],"gridable":true},{"__meta":{"schema_version":3,"schema_name":"ModelParameterSchemaV3","schema_type":"Iced"},"name":"categorical_encoding","label":"categorical_encoding","help":"Encoding scheme for categorical features","required":false,"type":"enum","default_value":"AUTO","actual_value":"AUTO","level":"secondary","values":["AUTO","Enum","OneHotInternal","OneHotExplicit","Binary","Eigen","LabelEncoder","SortByResponse","EnumLimited"],"is_member_of_frames":[],"is_mutually_exclusive_with":[],"gridable":true},{"__meta":{"schema_version":3,"schema_name":"ModelParameterSchemaV3","schema_type":"Iced"},"name":"calibrate_model","label":"calibrate_model","help":"Use Platt Scaling to calculate calibrated class probabilities. Calibration can provide more accurate estimates of class probabilities.","required":false,"type":"boolean","default_value":false,"actual_value":false,"level":"expert","values":[],"is_member_of_frames":[],"is_mutually_exclusive_with":[],"gridable":false},{"__meta":{"schema_version":3,"schema_name":"ModelParameterSchemaV3","schema_type":"Iced"},"name":"calibration_frame","label":"calibration_frame","help":"Calibration frame for Platt Scaling","required":false,"type":"Key<Frame>","default_value":null,"actual_value":null,"level":"expert","values":[],"is_member_of_frames":[],"is_mutually_exclusive_with":[],"gridable":false},{"__meta":{"schema_version":3,"schema_name":"ModelParameterSchemaV3","schema_type":"Iced"},"name":"distribution","label":"distribution","help":"Distribution function","required":false,"type":"enum","default_value":"AUTO","actual_value":"multinomial","level":"secondary","values":["AUTO","bernoulli","multinomial","gaussian","poisson","gamma","tweedie","laplace","quantile","huber"],"is_member_of_frames":[],"is_mutually_exclusive_with":[],"gridable":true},{"__meta":{"schema_version":3,"schema_name":"ModelParameterSchemaV3","schema_type":"Iced"},"name":"custom_metric_func","label":"custom_metric_func","help":"Reference to custom evaluation function, format: `language:keyName=funcName`","required":false,"type":"string","default_value":null,"actual_value":null,"level":"secondary","values":[],"is_member_of_frames":[],"is_mutually_exclusive_with":[],"gridable":false}],"output":{"__meta":{"schema_version":3,"schema_name":"DRFModelOutputV3","schema_type":"DRFOutput"},"names":["age","bxgs1","bxgs2","bxgs","poscores","psa","mi","wgt","totcores","diab","primary_tx"],"domains":[null,null,null,null,null,null,["No","Yes"],null,null,["No","Yes"],["Active_surveillance","Androgen_deprivation_therapy","Radiation","Radical_prostatectomy","Watchful_waiting"]],"cross_validation_models":null,"cross_validation_predictions":null,"cross_validation_holdout_predictions_frame_id":null,"cross_validation_fold_assignment_frame_id":null,"model_category":"Multinomial","model_summary":{"__meta":{"schema_version":3,"schema_name":"TwoDimTableV3","schema_type":"TwoDimTable"},"name":"Model Summary","description":"","columns":[{"__meta":{"schema_version":-1,"schema_name":"ColumnSpecsBase","schema_type":"Iced"},"name":"","type":"string","format":"%s","description":""},{"__meta":{"schema_version":-1,"schema_name":"ColumnSpecsBase","schema_type":"Iced"},"name":"number_of_trees","type":"long","format":"%d","description":"Number of Trees"},{"__meta":{"schema_version":-1,"schema_name":"ColumnSpecsBase","schema_type":"Iced"},"name":"number_of_internal_trees","type":"long","format":"%d","description":"Number of Internal Trees"},{"__meta":{"schema_version":-1,"schema_name":"ColumnSpecsBase","schema_type":"Iced"},"name":"model_size_in_bytes","type":"long","format":"%d","description":"Model Size in Bytes"},{"__meta":{"schema_version":-1,"schema_name":"ColumnSpecsBase","schema_type":"Iced"},"name":"min_depth","type":"long","format":"%d","description":"Min. Depth"},{"__meta":{"schema_version":-1,"schema_name":"ColumnSpecsBase","schema_type":"Iced"},"name":"max_depth","type":"long","format":"%d","description":"Max. Depth"},{"__meta":{"schema_version":-1,"schema_name":"ColumnSpecsBase","schema_type":"Iced"},"name":"mean_depth","type":"double","format":"%.5f","description":"Mean Depth"},{"__meta":{"schema_version":-1,"schema_name":"ColumnSpecsBase","schema_type":"Iced"},"name":"min_leaves","type":"long","format":"%d","description":"Min. Leaves"},{"__meta":{"schema_version":-1,"schema_name":"ColumnSpecsBase","schema_type":"Iced"},"name":"max_leaves","type":"long","format":"%d","description":"Max. Leaves"},{"__meta":{"schema_version":-1,"schema_name":"ColumnSpecsBase","schema_type":"Iced"},"name":"mean_leaves","type":"double","format":"%.5f","description":"Mean Leaves"}],"rowcount":1,"data":[[""],[201],[1005],[2225877],[10],[10],[10.0],[58],[302],[171.69751]]},"scoring_history":{"__meta":{"schema_version":3,"schema_name":"TwoDimTableV3","schema_type":"TwoDimTable"},"name":"Scoring History","description":"","columns":[{"__meta":{"schema_version":-1,"schema_name":"ColumnSpecsBase","schema_type":"Iced"},"name":"","type":"string","format":"%s","description":""},{"__meta":{"schema_version":-1,"schema_name":"ColumnSpecsBase","schema_type":"Iced"},"name":"timestamp","type":"string","format":"%s","description":"Timestamp"},{"__meta":{"schema_version":-1,"schema_name":"ColumnSpecsBase","schema_type":"Iced"},"name":"duration","type":"string","format":"%s","description":"Duration"},{"__meta":{"schema_version":-1,"schema_name":"ColumnSpecsBase","schema_type":"Iced"},"name":"number_of_trees","type":"long","format":"%d","description":"Number of Trees"},{"__meta":{"schema_version":-1,"schema_name":"ColumnSpecsBase","schema_type":"Iced"},"name":"training_rmse","type":"double","format":"%.5f","description":"Training RMSE"},{"__meta":{"schema_version":-1,"schema_name":"ColumnSpecsBase","schema_type":"Iced"},"name":"training_logloss","type":"double","format":"%.5f","description":"Training LogLoss"},{"__meta":{"schema_version":-1,"schema_name":"ColumnSpecsBase","schema_type":"Iced"},"name":"training_classification_error","type":"double","format":"%.5f","description":"Training Classification Error"}],"rowcount":121,"data":[["","","","","","","","","","","","","","","","","","","","","","","","","","","","","","","","","","","","","","","","","","","","","","","","","","","","","","","","","","","","","","","","","","","","","","","","","","","","","","","","","","","","","","","","","","","","","","","","","","","","","","","","","","","","","","","","","","","","","","","","",""],["2018-09-05 15:29:05","2018-09-05 15:29:05","2018-09-05 15:29:05","2018-09-05 15:29:05","2018-09-05 15:29:05","2018-09-05 15:29:05","2018-09-05 15:29:05","2018-09-05 15:29:05","2018-09-05 15:29:05","2018-09-05 15:29:05","2018-09-05 15:29:05","2018-09-05 15:29:05","2018-09-05 15:29:05","2018-09-05 15:29:05","2018-09-05 15:29:05","2018-09-05 15:29:05","2018-09-05 15:29:05","2018-09-05 15:29:05","2018-09-05 15:29:05","2018-09-05 15:29:05","2018-09-05 15:29:05","2018-09-05 15:29:05","2018-09-05 15:29:06","2018-09-05 15:29:06","2018-09-05 15:29:06","2018-09-05 15:29:06","2018-09-05 15:29:06","2018-09-05 15:29:06","2018-09-05 15:29:06","2018-09-05 15:29:06","2018-09-05 15:29:06","2018-09-05 15:29:06","2018-09-05 15:29:06","2018-09-05 15:29:06","2018-09-05 15:29:06","2018-09-05 15:29:06","2018-09-05 15:29:06","2018-09-05 15:29:06","2018-09-05 15:29:06","2018-09-05 15:29:06","2018-09-05 15:29:06","2018-09-05 15:29:06","2018-09-05 15:29:06","2018-09-05 15:29:06","2018-09-05 15:29:06","2018-09-05 15:29:06","2018-09-05 15:29:06","2018-09-05 15:29:06","2018-09-05 15:29:06","2018-09-05 15:29:06","2018-09-05 15:29:06","2018-09-05 15:29:06","2018-09-05 15:29:06","2018-09-05 15:29:07","2018-09-05 15:29:07","2018-09-05 15:29:07","2018-09-05 15:29:07","2018-09-05 15:29:07","2018-09-05 15:29:07","2018-09-05 15:29:07","2018-09-05 15:29:07","2018-09-05 15:29:07","2018-09-05 15:29:07","2018-09-05 15:29:07","2018-09-05 15:29:07","2018-09-05 15:29:07","2018-09-05 15:29:07","2018-09-05 15:29:07","2018-09-05 15:29:07","2018-09-05 15:29:07","2018-09-05 15:29:07","2018-09-05 15:29:07","2018-09-05 15:29:07","2018-09-05 15:29:07","2018-09-05 15:29:07","2018-09-05 15:29:07","2018-09-05 15:29:07","2018-09-05 15:29:07","2018-09-05 15:29:07","2018-09-05 15:29:07","2018-09-05 15:29:07","2018-09-05 15:29:07","2018-09-05 15:29:08","2018-09-05 15:29:08","2018-09-05 15:29:08","2018-09-05 15:29:08","2018-09-05 15:29:08","2018-09-05 15:29:08","2018-09-05 15:29:08","2018-09-05 15:29:08","2018-09-05 15:29:08","2018-09-05 15:29:08","2018-09-05 15:29:08","2018-09-05 15:29:08","2018-09-05 15:29:08","2018-09-05 15:29:08","2018-09-05 15:29:08","2018-09-05 15:29:08","2018-09-05 15:29:08","2018-09-05 15:29:08","2018-09-05 15:29:08","2018-09-05 15:29:08","2018-09-05 15:29:08","2018-09-05 15:29:08","2018-09-05 15:29:08","2018-09-05 15:29:08","2018-09-05 15:29:08","2018-09-05 15:29:08","2018-09-05 15:29:08","2018-09-05 15:29:08","2018-09-05 15:29:08","2018-09-05 15:29:09","2018-09-05 15:29:09","2018-09-05 15:29:09","2018-09-05 15:29:09","2018-09-05 15:29:09","2018-09-05 15:29:09","2018-09-05 15:29:09","2018-09-05 15:29:09","2018-09-05 15:29:09","2018-09-05 15:29:11"],[" 0.000 sec"," 0.031 sec"," 0.063 sec"," 0.094 sec"," 0.137 sec"," 0.173 sec"," 0.205 sec"," 0.229 sec"," 0.260 sec"," 0.293 sec"," 0.327 sec"," 0.358 sec"," 0.406 sec"," 0.433 sec"," 0.464 sec"," 0.511 sec"," 0.542 sec"," 0.574 sec"," 0.621 sec"," 0.652 sec"," 0.685 sec"," 0.716 sec"," 0.763 sec"," 0.793 sec"," 0.809 sec"," 0.851 sec"," 0.887 sec"," 0.916 sec"," 0.947 sec"," 0.979 sec"," 1.010 sec"," 1.048 sec"," 1.070 sec"," 1.101 sec"," 1.132 sec"," 1.179 sec"," 1.214 sec"," 1.248 sec"," 1.277 sec"," 1.315 sec"," 1.342 sec"," 1.382 sec"," 1.398 sec"," 1.430 sec"," 1.461 sec"," 1.492 sec"," 1.523 sec"," 1.557 sec"," 1.588 sec"," 1.635 sec"," 1.669 sec"," 1.694 sec"," 1.735 sec"," 1.757 sec"," 1.811 sec"," 1.842 sec"," 1.884 sec"," 1.916 sec"," 1.948 sec"," 1.979 sec"," 2.026 sec"," 2.057 sec"," 2.088 sec"," 2.119 sec"," 2.156 sec"," 2.179 sec"," 2.210 sec"," 2.265 sec"," 2.304 sec"," 2.339 sec"," 2.357 sec"," 2.404 sec"," 2.423 sec"," 2.455 sec"," 2.486 sec"," 2.517 sec"," 2.548 sec"," 2.588 sec"," 2.624 sec"," 2.655 sec"," 2.686 sec"," 2.717 sec"," 2.749 sec"," 2.795 sec"," 2.827 sec"," 2.858 sec"," 2.898 sec"," 2.920 sec"," 2.951 sec"," 2.985 sec"," 3.016 sec"," 3.063 sec"," 3.107 sec"," 3.139 sec"," 3.170 sec"," 3.214 sec"," 3.245 sec"," 3.277 sec"," 3.315 sec"," 3.345 sec"," 3.368 sec"," 3.401 sec"," 3.448 sec"," 3.479 sec"," 3.507 sec"," 3.539 sec"," 3.570 sec"," 3.601 sec"," 3.632 sec"," 3.679 sec"," 3.714 sec"," 3.739 sec"," 3.778 sec"," 3.809 sec"," 3.840 sec"," 3.871 sec"," 3.903 sec"," 3.934 sec"," 3.965 sec"," 3.996 sec"," 6.602 sec"],[0,1,2,3,4,5,6,7,8,9,10,11,12,13,14,15,16,17,18,19,20,21,22,23,24,25,26,27,28,29,30,31,32,33,34,35,36,37,38,39,40,41,42,43,44,45,46,47,48,49,50,51,52,53,54,55,56,57,58,59,60,61,62,63,64,65,66,67,68,69,70,71,72,73,74,75,76,77,78,79,80,81,82,83,84,85,86,87,88,89,90,91,92,93,94,95,96,97,98,99,100,101,102,103,104,105,106,107,108,109,110,111,112,113,114,115,116,117,118,119,201],["NaN",0.5586489898434926,0.5678111043819001,0.5587929070982011,0.5529796694072167,0.5518698597403116,0.551568631753264,0.5506762411967934,0.5490583792733383,0.5479427628013316,0.5477254986828873,0.5462409876150549,0.5449807261851237,0.5444908831554155,0.5441708377902722,0.5435681079872529,0.543414220366263,0.5434150351028593,0.5424665737748038,0.5423044633490346,0.542275188755617,0.5417944616014926,0.5412002708042813,0.5411756293063961,0.5409368000273663,0.5407947396094166,0.5404426878981123,0.5398675655709714,0.5397871710720034,0.5395061736885794,0.5395429623683082,0.5394442604391267,0.5394401229969965,0.5394787342952001,0.5392914936429724,0.5391121804583396,0.5390958333758115,0.5389860032851889,0.5392073123860796,0.5390656065035329,0.5387038748109138,0.5387181627997292,0.5388000205485909,0.5387030639975309,0.5385837020218244,0.5386030944760151,0.5385898772923365,0.5384557763618325,0.5384185697120519,0.5383708454445028,0.5380874791817667,0.5379130198366373,0.537851893981399,0.5379829706178737,0.5381129163309082,0.5381124332546067,0.5380045246110667,0.5381205197886942,0.5378756783043519,0.5379998256448726,0.5380706986256389,0.5378417078975906,0.5379090019300293,0.5378817789405536,0.5377436007241092,0.5375726362586956,0.5377034172045054,0.5376889162335693,0.5377816394256536,0.5377920446645338,0.5378030519543797,0.5377876185416475,0.5377280107566834,0.5377567876109831,0.537701661867428,0.5376473973279584,0.5375712580683274,0.5374906811628283,0.5375043872120339,0.5374236824094919,0.5372977046143333,0.5372959854212238,0.5372983185860594,0.537193403136873,0.5371834313005251,0.5371081840197837,0.5370776824158179,0.5370843382746332,0.5371031927286408,0.5370140539251504,0.5370611005139916,0.5370066985694193,0.5369313789617156,0.5369469620121261,0.5369704530812345,0.5368776677211505,0.5368596021077293,0.5368808814088117,0.536766807232303,0.5367766758501658,0.5368046070766037,0.5367894731009331,0.5367716921712585,0.5368226216919731,0.536859491542444,0.5368786284237252,0.5369432980632926,0.5369260392943696,0.5369327877970959,0.5369717594698417,0.5370010795917074,0.5370474749843511,0.5370366255201936,0.5370256478003392,0.5369328670845073,0.5368714041316535,0.5369081706971384,0.5368960471004209,0.5368477331270967,0.536836256065162,0.5363447695204558],["NaN",3.8971050875861333,4.1050735886044984,3.6187713608250447,3.106582821661012,2.84012891104775,2.5706724861949093,2.4469549733144156,2.19874431311435,1.9936246725517721,1.8674378332163446,1.7700847828175243,1.6261196891040373,1.5366540130656776,1.4534205050515885,1.3713545584928883,1.320660815111565,1.2783692571541807,1.2106489076517475,1.1848835854687174,1.140116995730145,1.132203730857395,1.1181029815536792,1.1111880599829569,1.1042792355295874,1.0966655232195772,1.083682857188441,1.0676680730750963,1.0490698376633523,1.0358238369091333,1.0299834889194546,1.0169010423632638,1.016124803554862,1.0095788920597695,1.00269396901779,0.9960646709936293,0.9892291706513423,0.9881925346210554,0.9833300089590441,0.9831050627711612,0.975386119301502,0.9697964304332878,0.9583695220583077,0.9569971866601223,0.9558969597320027,0.9561860278780623,0.9435653628267258,0.9424108109078932,0.9416108887365965,0.9345343221000566,0.9265539474533756,0.9266810185984111,0.9262216586085783,0.9265322063094438,0.9269183742447539,0.92697858609876,0.9263870858331034,0.9263228008933175,0.9253850437518463,0.9258615299681328,0.9261468944183421,0.9249039404299683,0.9191354406083928,0.9185946516453469,0.91780397147892,0.9172284672965526,0.9170171351933868,0.9168916771922692,0.9171511086211167,0.9168881432366394,0.9169901552277594,0.9170935445199343,0.9161920719677303,0.9162521256757641,0.9150265142244178,0.9147000983111783,0.9092456900556511,0.9083822779170124,0.9081668362696882,0.9078933080130327,0.9075273405320807,0.9077406224995981,0.9079944803589404,0.9023442565429155,0.902198295095841,0.9012843599807834,0.9008895994784053,0.9010085383655262,0.9009722007406004,0.9008599262208374,0.9008932768468644,0.900838231959298,0.9004416277863869,0.9004689215036802,0.9002613913889224,0.9001300804490531,0.8999430686209365,0.8996671051196782,0.8984753756912736,0.8985472290594368,0.8986668253977771,0.898202983757385,0.898299001897025,0.8979664645120584,0.8981447279351619,0.8979552144394043,0.8979093610398194,0.8979917573370212,0.8981984514103293,0.8985113289335506,0.8984782550557979,0.8985248319444232,0.8985661688469899,0.8985296728048555,0.8980293781293529,0.89733540488229,0.8974329922031867,0.8974797832845519,0.8970784716754497,0.8967846433757953,0.8822523631625718],["NaN",0.3609913793103448,0.3830282861896839,0.3741424802110818,0.36590534494937604,0.36257695690413366,0.35891983840102065,0.3594365030039362,0.3588750764214388,0.3558120696638315,0.3573155985489722,0.35532384198917183,0.3550710142028406,0.3538922155688623,0.35274177467597206,0.35214356929212365,0.3518740031897927,0.3478867623604466,0.34649122807017546,0.34728867623604465,0.3490829346092504,0.34688995215311,0.34629186602870815,0.3450956937799043,0.3450956937799043,0.3446969696969697,0.3454944178628389,0.3440988835725678,0.34290271132376393,0.34230462519936206,0.34290271132376393,0.34210526315789475,0.3413078149920255,0.3405103668261563,0.33951355661881977,0.33951355661881977,0.34070972886762363,0.3399122807017544,0.33891547049441784,0.33931419457735246,0.3387161084529506,0.3387161084529506,0.33831738437001596,0.33791866028708134,0.33791866028708134,0.33811802232854865,0.33891547049441784,0.3387161084529506,0.33931419457735246,0.33911483253588515,0.33771929824561403,0.33851674641148327,0.3387161084529506,0.33951355661881977,0.33891547049441784,0.33891547049441784,0.33851674641148327,0.33931419457735246,0.3401116427432217,0.340311004784689,0.3401116427432217,0.3413078149920255,0.3417065390749601,0.34210526315789475,0.34190590111642744,0.34070972886762363,0.3413078149920255,0.34250398724082937,0.34230462519936206,0.34310207336523124,0.3427033492822967,0.34290271132376393,0.3427033492822967,0.3417065390749601,0.34070972886762363,0.3409090909090909,0.3401116427432217,0.3413078149920255,0.3417065390749601,0.3411084529505582,0.340311004784689,0.33931419457735246,0.3409090909090909,0.3417065390749601,0.3409090909090909,0.3399122807017544,0.3397129186602871,0.3397129186602871,0.340311004784689,0.33931419457735246,0.3397129186602871,0.3405103668261563,0.34070972886762363,0.3399122807017544,0.3401116427432217,0.33951355661881977,0.33911483253588515,0.33951355661881977,0.33931419457735246,0.33951355661881977,0.3399122807017544,0.340311004784689,0.3397129186602871,0.33931419457735246,0.33831738437001596,0.33811802232854865,0.33831738437001596,0.33851674641148327,0.33891547049441784,0.3397129186602871,0.33911483253588515,0.33891547049441784,0.3399122807017544,0.3405103668261563,0.3401116427432217,0.3399122807017544,0.33951355661881977,0.33891547049441784,0.3387161084529506,0.33811802232854865,0.33293460925039875]]},"training_metrics":{"__meta":{"schema_version":3,"schema_name":"ModelMetricsMultinomialV3","schema_type":"ModelMetricsMultinomial"},"model":{"__meta":{"schema_version":3,"schema_name":"ModelKeyV3","schema_type":"Key<Model>"},"name":"DRF_model_R_1536158091850_9","type":"Key<Model>","URL":"/3/Models/DRF_model_R_1536158091850_9"},"model_checksum":-5696259786617854656,"frame":{"__meta":{"schema_version":3,"schema_name":"FrameKeyV3","schema_type":"Key<Frame>"},"name":"training_frame","type":"Key<Frame>","URL":"/3/Frames/training_frame"},"frame_checksum":-5211568053719770168,"description":"Metrics reported on Out-Of-Bag training samples","model_category":"Multinomial","scoring_time":1536175751866,"predictions":null,"MSE":0.28766571179195094,"RMSE":0.5363447695204558,"nobs":5016,"custom_metric_name":null,"custom_metric_value":0.0,"r2":0.8388923109969696,"hit_ratio_table":{"__meta":{"schema_version":3,"schema_name":"TwoDimTableV3","schema_type":"TwoDimTable"},"name":"Top-5 Hit Ratios","description":"","columns":[{"__meta":{"schema_version":-1,"schema_name":"ColumnSpecsBase","schema_type":"Iced"},"name":"k","type":"string","format":"%s","description":"K"},{"__meta":{"schema_version":-1,"schema_name":"ColumnSpecsBase","schema_type":"Iced"},"name":"hit_ratio","type":"float","format":"%f","description":"Hit Ratio"}],"rowcount":5,"data":[["1","2","3","4","5"],[0.6670654,0.8811802,0.9685008,0.9894338,1.0]]},"cm":{"__meta":{"schema_version":3,"schema_name":"ConfusionMatrixV3","schema_type":"ConfusionMatrix"},"table":{"__meta":{"schema_version":3,"schema_name":"TwoDimTableV3","schema_type":"TwoDimTable"},"name":"Confusion Matrix","description":"Row labels: Actual class; Column labels: Predicted class","columns":[{"__meta":{"schema_version":-1,"schema_name":"ColumnSpecsBase","schema_type":"Iced"},"name":"Active_surveillance","type":"long","format":"%d","description":"Active_surveillance"},{"__meta":{"schema_version":-1,"schema_name":"ColumnSpecsBase","schema_type":"Iced"},"name":"Androgen_deprivation_therapy","type":"long","format":"%d","description":"Androgen_deprivation_therapy"},{"__meta":{"schema_version":-1,"schema_name":"ColumnSpecsBase","schema_type":"Iced"},"name":"Radiation","type":"long","format":"%d","description":"Radiation"},{"__meta":{"schema_version":-1,"schema_name":"ColumnSpecsBase","schema_type":"Iced"},"name":"Radical_prostatectomy","type":"long","format":"%d","description":"Radical_prostatectomy"},{"__meta":{"schema_version":-1,"schema_name":"ColumnSpecsBase","schema_type":"Iced"},"name":"Watchful_waiting","type":"long","format":"%d","description":"Watchful_waiting"},{"__meta":{"schema_version":-1,"schema_name":"ColumnSpecsBase","schema_type":"Iced"},"name":"Error","type":"double","format":"%.4f","description":"Error"},{"__meta":{"schema_version":-1,"schema_name":"ColumnSpecsBase","schema_type":"Iced"},"name":"Rate","type":"string","format":"= %13s","description":"Rate"}],"rowcount":6,"data":[[1191,11,104,276,68,1650],[4,113,58,15,5,195],[46,58,134,68,15,321],[289,99,531,1904,14,2837],[5,2,2,0,4,13],[0.2241042345276873,0.6007067137809188,0.8383594692400482,0.1586389748121962,0.9622641509433962,0.33293460925039875],["344 / 1,535","170 / 283","695 / 829","359 / 2,263","102 / 106","1,670 / 5,016"]]}},"logloss":0.8822523631625718,"mean_per_class_error":0.5568147086608494},"validation_metrics":null,"cross_validation_metrics":null,"cross_validation_metrics_summary":null,"status":null,"start_time":1536175745264,"end_time":1536175751866,"run_time":6602,"help":{"validation_metrics":"Validation data model metrics", "cross_validation_metrics_summary":"Cross-validation model metrics summary", "run_time":"Runtime in milliseconds", "status":"Job status", "domains":"Domains for categorical columns", "model_category":"Category of the model (e.g., Binomial)", "__meta":"Metadata on this schema instance, to make it self-describing.", "variable_importances":"Variable Importances", "model_summary":"Model summary", "scoring_history":"Scoring history", "help":"Help information for output fields", "end_time":"End time in milliseconds", "names":"Column names", "cross_validation_fold_assignment_frame_id":"Cross-validation fold assignment (each row is assigned to one holdout fold)", "start_time":"Start time in milliseconds", "training_metrics":"Training data model metrics", "cross_validation_models":"Cross-validation models (model ids)", "cross_validation_metrics":"Cross-validation model metrics", "cross_validation_predictions":"Cross-validation predictions, one per cv model (deprecated, use cross_validation_holdout_predictions_frame_id instead)", "init_f":"The Intercept term, the initial model function value to which trees make adjustments", "cross_validation_holdout_predictions_frame_id":"Cross-validation holdout predictions (full out-of-sample predictions on training data)"},"variable_importances":{"__meta":{"schema_version":3,"schema_name":"TwoDimTableV3","schema_type":"TwoDimTable"},"name":"Variable Importances","description":"","columns":[{"__meta":{"schema_version":-1,"schema_name":"ColumnSpecsBase","schema_type":"Iced"},"name":"variable","type":"string","format":"%s","description":"Variable"},{"__meta":{"schema_version":-1,"schema_name":"ColumnSpecsBase","schema_type":"Iced"},"name":"relative_importance","type":"double","format":"%5f","description":"Relative Importance"},{"__meta":{"schema_version":-1,"schema_name":"ColumnSpecsBase","schema_type":"Iced"},"name":"scaled_importance","type":"double","format":"%5f","description":"Scaled Importance"},{"__meta":{"schema_version":-1,"schema_name":"ColumnSpecsBase","schema_type":"Iced"},"name":"percentage","type":"double","format":"%5f","description":"Percentage"}],"rowcount":10,"data":[["bxgs","age","poscores","psa","wgt","bxgs1","bxgs2","totcores","diab","mi"],[61463.12109375,46835.18359375,42984.578125,24364.388671875,19309.462890625,15405.0732421875,14889.880859375,11508.779296875,2856.171875,1553.721435546875],[1.0,0.7620046421383656,0.6993556031662533,0.3964066295089681,0.31416339663539344,0.2506392934177564,0.24225715509408302,0.18724690663398955,0.046469684978142696,0.025278921862379494],[0.25485354343499234,0.19419958316287575,0.17823325358803602,0.10102563417148273,0.08006565485010297,0.06387631205155797,0.061740094398207566,0.04772053765291341,0.011842963878987502,0.00644242281084371]]},"init_f":0.0},"compatible_frames":null}
